Timestamp,user,prompt,response
2023-09-14,admin,hi,hello how are you ?
2023-09-14,admin,what is 2+2 ?,its 4 sir !!!
2023-09-14,admin,kya me bekar addmi hu ?,na aapp bade bekar addmie ho XD
2023-09-14,admin,ok sior can you hear me i am under the water,lol dont test with such messages XD
2023-09-14,admin,hi,hello how are you ?
2023-09-14,admin,what is 2+2 ?,its 4 sir !!!
2023-09-14,admin,kya me bekar addmi hu ?,na aapp bade bekar addmie ho XD
2023-09-14,admin,ok sior can you hear me i am under the water,lol dont test with such messages XD
2023-09-14,admin,hi,hello how are you ?
2023-09-14,admin,what is 2+2 ?,its 4 sir !!!
2023-09-14,admin,kya me bekar addmi hu ?,na aapp bade bekar addmie ho XD
2023-09-14,admin,ok sior can you hear me i am under the water,lol dont test with such messages XD
2023-09-14,admin,hi,hello how are you ?
2023-09-14,admin,what is 2+2 ?,its 4 sir !!!
2023-09-14,admin,kya me bekar addmi hu ?,na aapp bade bekar addmie ho XD
2023-09-14,admin,ok sior can you hear me i am under the water,lol dont test with such messages XD
2023-09-14,admin,hi,hello how are you ?
2023-09-14,admin,what is 2+2 ?,its 4 sir !!!
2023-09-14,admin,kya me bekar addmi hu ?,na aapp bade bekar addmie ho XD
2023-09-14,admin,ok sior can you hear me i am under the water,lol dont test with such messages XD
